point_id,visit_day,cluster_id,order_in_route
ID31,1,-1,
ID92,1,-1,
ID98,1,-1,
ID100,1,-1,
ID148,1,-1,
ID162,1,-1,
ID163,1,-1,
ID167,1,-1,
ID169,1,-1,
ID174,1,-1,
ID181,1,-1,
ID187,1,-1,
ID197,1,-1,
ID232,1,-1,
ID233,1,-1,
ID237,1,-1,
ID250,1,-1,
ID256,1,-1,
ID267,1,-1,
ID270,1,-1,
ID297,1,-1,
ID317,1,-1,
ID365,1,-1,
ID384,1,-1,
ID418,1,-1,
ID432,1,-1,
ID493,1,-1,
ID497,1,-1,
ID511,1,-1,
ID513,1,-1,
ID547,1,-1,
ID553,1,-1,
ID572,1,-1,
ID581,1,-1,
ID586,1,-1,
ID633,1,-1,
ID168,1,1,1.0
ID170,1,1,2.0
ID390,1,2,1.0
ID343,1,2,2.0
ID23,2,-1,
ID28,2,-1,
ID58,2,-1,
ID70,2,-1,
ID76,2,-1,
ID106,2,-1,
ID136,2,-1,
ID171,2,-1,
ID202,2,-1,
ID209,2,-1,
ID229,2,-1,
ID304,2,-1,
ID344,2,-1,
ID398,2,-1,
ID404,2,-1,
ID526,2,-1,
ID546,2,-1,
ID573,2,-1,
ID577,2,-1,
ID580,2,-1,
ID595,2,-1,
ID611,2,-1,
ID626,2,-1,
ID247,2,1,1.0
ID166,2,1,2.0
ID379,2,2,1.0
ID291,2,2,2.0
ID459,2,3,1.0
ID537,2,3,2.0
ID467,2,4,1.0
ID613,2,4,2.0
ID20,3,-1,
ID53,3,-1,
ID99,3,-1,
ID113,3,-1,
ID124,3,-1,
ID152,3,-1,
ID157,3,-1,
ID190,3,-1,
ID214,3,-1,
ID230,3,-1,
ID239,3,-1,
ID260,3,-1,
ID266,3,-1,
ID275,3,-1,
ID306,3,-1,
ID383,3,-1,
ID389,3,-1,
ID429,3,-1,
ID436,3,-1,
ID439,3,-1,
ID443,3,-1,
ID471,3,-1,
ID480,3,-1,
ID486,3,-1,
ID508,3,-1,
ID561,3,-1,
ID565,3,-1,
ID569,3,-1,
ID604,3,-1,
ID616,3,-1,
ID624,3,-1,
ID255,3,1,1.0
ID52,3,1,2.0
ID224,3,2,1.0
ID112,3,2,2.0
ID216,3,3,1.0
ID115,3,3,2.0
ID456,3,4,1.0
ID579,3,4,2.0
ID515,3,5,1.0
ID628,3,5,2.0
ID17,4,-1,
ID51,4,-1,
ID56,4,-1,
ID61,4,-1,
ID67,4,-1,
ID69,4,-1,
ID78,4,-1,
ID126,4,-1,
ID127,4,-1,
ID164,4,-1,
ID184,4,-1,
ID192,4,-1,
ID195,4,-1,
ID196,4,-1,
ID223,4,-1,
ID254,4,-1,
ID295,4,-1,
ID324,4,-1,
ID327,4,-1,
ID364,4,-1,
ID370,4,-1,
ID371,4,-1,
ID381,4,-1,
ID406,4,-1,
ID414,4,-1,
ID419,4,-1,
ID433,4,-1,
ID437,4,-1,
ID447,4,-1,
ID449,4,-1,
ID474,4,-1,
ID477,4,-1,
ID507,4,-1,
ID599,4,-1,
ID606,4,-1,
ID54,5,-1,
ID101,5,-1,
ID109,5,-1,
ID116,5,-1,
ID128,5,-1,
ID156,5,-1,
ID176,5,-1,
ID211,5,-1,
ID234,5,-1,
ID265,5,-1,
ID269,5,-1,
ID316,5,-1,
ID347,5,-1,
ID361,5,-1,
ID363,5,-1,
ID367,5,-1,
ID376,5,-1,
ID387,5,-1,
ID407,5,-1,
ID416,5,-1,
ID445,5,-1,
ID452,5,-1,
ID504,5,-1,
ID505,5,-1,
ID521,5,-1,
ID532,5,-1,
ID538,5,-1,
ID543,5,-1,
ID548,5,-1,
ID556,5,-1,
ID559,5,-1,
ID560,5,-1,
ID563,5,-1,
ID566,5,-1,
ID583,5,-1,
ID589,5,-1,
ID605,5,-1,
ID629,5,-1,
ID632,5,-1,
ID259,5,1,1.0
ID60,5,1,2.0
ID173,5,1,3.0
ID354,5,2,1.0
ID341,5,2,2.0
ID470,5,3,1.0
ID469,5,3,2.0
ID27,6,-1,
ID73,6,-1,
ID111,6,-1,
ID135,6,-1,
ID140,6,-1,
ID153,6,-1,
ID160,6,-1,
ID172,6,-1,
ID182,6,-1,
ID185,6,-1,
ID189,6,-1,
ID222,6,-1,
ID242,6,-1,
ID274,6,-1,
ID311,6,-1,
ID322,6,-1,
ID345,6,-1,
ID350,6,-1,
ID355,6,-1,
ID369,6,-1,
ID434,6,-1,
ID478,6,-1,
ID499,6,-1,
ID514,6,-1,
ID545,6,-1,
ID550,6,-1,
ID557,6,-1,
ID582,6,-1,
ID600,6,-1,
ID612,6,-1,
ID71,6,1,1.0
ID245,6,1,2.0
ID594,6,2,1.0
ID500,6,2,2.0
ID1,7,-1,
ID9,7,-1,
ID55,7,-1,
ID63,7,-1,
ID81,7,-1,
ID93,7,-1,
ID102,7,-1,
ID117,7,-1,
ID125,7,-1,
ID129,7,-1,
ID145,7,-1,
ID178,7,-1,
ID179,7,-1,
ID205,7,-1,
ID236,7,-1,
ID240,7,-1,
ID279,7,-1,
ID294,7,-1,
ID321,7,-1,
ID326,7,-1,
ID351,7,-1,
ID399,7,-1,
ID421,7,-1,
ID450,7,-1,
ID451,7,-1,
ID464,7,-1,
ID482,7,-1,
ID485,7,-1,
ID562,7,-1,
ID592,7,-1,
ID603,7,-1,
ID618,7,-1,
ID107,7,1,1.0
ID104,7,1,2.0
ID198,7,1,3.0
ID426,7,2,1.0
ID287,7,2,2.0
ID6,8,-1,
ID18,8,-1,
ID68,8,-1,
ID80,8,-1,
ID83,8,-1,
ID86,8,-1,
ID94,8,-1,
ID96,8,-1,
ID180,8,-1,
ID183,8,-1,
ID217,8,-1,
ID221,8,-1,
ID235,8,-1,
ID277,8,-1,
ID283,8,-1,
ID292,8,-1,
ID318,8,-1,
ID346,8,-1,
ID378,8,-1,
ID411,8,-1,
ID417,8,-1,
ID422,8,-1,
ID498,8,-1,
ID518,8,-1,
ID520,8,-1,
ID544,8,-1,
ID575,8,-1,
ID601,8,-1,
ID607,8,-1,
ID610,8,-1,
ID623,8,-1,
ID105,8,1,1.0
ID199,8,1,2.0
ID218,8,2,1.0
ID219,8,2,2.0
ID622,8,3,1.0
ID621,8,3,2.0
ID59,9,-1,
ID82,9,-1,
ID87,9,-1,
ID90,9,-1,
ID139,9,-1,
ID146,9,-1,
ID150,9,-1,
ID161,9,-1,
ID213,9,-1,
ID225,9,-1,
ID231,9,-1,
ID261,9,-1,
ID284,9,-1,
ID339,9,-1,
ID405,9,-1,
ID412,9,-1,
ID430,9,-1,
ID440,9,-1,
ID476,9,-1,
ID492,9,-1,
ID509,9,-1,
ID516,9,-1,
ID528,9,-1,
ID531,9,-1,
ID539,9,-1,
ID554,9,-1,
ID567,9,-1,
ID617,9,-1,
ID207,9,1,1.0
ID201,9,1,2.0
ID103,9,1,3.0
ID41,10,-1,
ID72,10,-1,
ID75,10,-1,
ID122,10,-1,
ID177,10,-1,
ID193,10,-1,
ID204,10,-1,
ID273,10,-1,
ID281,10,-1,
ID282,10,-1,
ID288,10,-1,
ID290,10,-1,
ID307,10,-1,
ID310,10,-1,
ID313,10,-1,
ID336,10,-1,
ID337,10,-1,
ID342,10,-1,
ID353,10,-1,
ID362,10,-1,
ID368,10,-1,
ID372,10,-1,
ID391,10,-1,
ID400,10,-1,
ID402,10,-1,
ID415,10,-1,
ID453,10,-1,
ID461,10,-1,
ID466,10,-1,
ID468,10,-1,
ID489,10,-1,
ID524,10,-1,
ID525,10,-1,
ID540,10,-1,
ID564,10,-1,
ID608,10,-1,
ID627,10,-1,
ID374,10,1,1.0
ID373,10,1,2.0
ID576,10,2,1.0
ID455,10,2,2.0
ID483,10,3,1.0
ID484,10,3,2.0
ID5,11,-1,
ID13,11,-1,
ID14,11,-1,
ID97,11,-1,
ID119,11,-1,
ID144,11,-1,
ID149,11,-1,
ID154,11,-1,
ID186,11,-1,
ID200,11,-1,
ID212,11,-1,
ID220,11,-1,
ID246,11,-1,
ID285,11,-1,
ID315,11,-1,
ID386,11,-1,
ID409,11,-1,
ID458,11,-1,
ID529,11,-1,
ID542,11,-1,
ID551,11,-1,
ID591,11,-1,
ID597,11,-1,
ID615,11,-1,
ID619,11,-1,
ID625,11,-1,
ID25,12,-1,
ID32,12,-1,
ID36,12,-1,
ID57,12,-1,
ID89,12,-1,
ID95,12,-1,
ID110,12,-1,
ID123,12,-1,
ID142,12,-1,
ID158,12,-1,
ID188,12,-1,
ID191,12,-1,
ID206,12,-1,
ID208,12,-1,
ID238,12,-1,
ID257,12,-1,
ID293,12,-1,
ID329,12,-1,
ID334,12,-1,
ID352,12,-1,
ID380,12,-1,
ID382,12,-1,
ID388,12,-1,
ID392,12,-1,
ID395,12,-1,
ID441,12,-1,
ID460,12,-1,
ID462,12,-1,
ID479,12,-1,
ID481,12,-1,
ID488,12,-1,
ID501,12,-1,
ID506,12,-1,
ID517,12,-1,
ID519,12,-1,
ID523,12,-1,
ID527,12,-1,
ID558,12,-1,
ID593,12,-1,
ID609,12,-1,
ID630,12,-1,
ID50,12,1,1.0
ID251,12,1,2.0
ID141,12,2,1.0
ID249,12,2,2.0
ID299,12,3,1.0
ID424,12,3,2.0
ID340,12,4,1.0
ID303,12,4,2.0
ID319,12,5,1.0
ID320,12,5,2.0
ID357,12,5,3.0
ID446,12,6,1.0
ID574,12,6,2.0
ID490,12,7,1.0
ID602,12,7,2.0
ID64,13,-1,
ID84,13,-1,
ID151,13,-1,
ID227,13,-1,
ID243,13,-1,
ID263,13,-1,
ID309,13,-1,
ID323,13,-1,
ID348,13,-1,
ID356,13,-1,
ID377,13,-1,
ID385,13,-1,
ID394,13,-1,
ID397,13,-1,
ID401,13,-1,
ID408,13,-1,
ID413,13,-1,
ID438,13,-1,
ID457,13,-1,
ID463,13,-1,
ID465,13,-1,
ID487,13,-1,
ID491,13,-1,
ID494,13,-1,
ID502,13,-1,
ID536,13,-1,
ID552,13,-1,
ID570,13,-1,
ID631,13,-1,
ID131,13,1,1.0
ID132,13,1,2.0
ID258,13,2,1.0
ID137,13,2,2.0
ID472,13,3,1.0
ID534,13,3,2.0
ID296,13,3,3.0
ID533,13,3,4.0
ID49,14,-1,
ID66,14,-1,
ID108,14,-1,
ID118,14,-1,
ID147,14,-1,
ID175,14,-1,
ID210,14,-1,
ID228,14,-1,
ID241,14,-1,
ID248,14,-1,
ID264,14,-1,
ID330,14,-1,
ID338,14,-1,
ID359,14,-1,
ID396,14,-1,
ID454,14,-1,
ID495,14,-1,
ID541,14,-1,
ID568,14,-1,
ID571,14,-1,
ID584,14,-1,
ID590,14,-1,
ID596,14,-1,
ID165,14,1,1.0
ID143,14,1,2.0
ID276,14,2,1.0
ID366,14,2,2.0
ID423,14,3,1.0
ID298,14,3,2.0
ID360,14,3,3.0
ID535,14,4,1.0
ID614,14,4,2.0
ID4,15,-1,
ID45,15,-1,
ID48,15,-1,
ID62,15,-1,
ID65,15,-1,
ID74,15,-1,
ID79,15,-1,
ID85,15,-1,
ID91,15,-1,
ID121,15,-1,
ID130,15,-1,
ID159,15,-1,
ID194,15,-1,
ID203,15,-1,
ID268,15,-1,
ID278,15,-1,
ID280,15,-1,
ID302,15,-1,
ID305,15,-1,
ID314,15,-1,
ID325,15,-1,
ID333,15,-1,
ID349,15,-1,
ID358,15,-1,
ID442,15,-1,
ID444,15,-1,
ID475,15,-1,
ID496,15,-1,
ID503,15,-1,
ID510,15,-1,
ID512,15,-1,
ID530,15,-1,
ID549,15,-1,
ID555,15,-1,
ID598,15,-1,
ID120,15,1,1.0
ID114,15,1,2.0
ID588,15,2,1.0
ID587,15,2,2.0
ID44,16,-1,
ID66,16,-1,
ID94,16,-1,
ID112,16,-1,
ID125,16,-1,
ID147,16,-1,
ID156,16,-1,
ID173,16,-1,
ID208,16,-1,
ID209,16,-1,
ID237,16,-1,
ID248,16,-1,
ID252,16,-1,
ID255,16,-1,
ID263,16,-1,
ID282,16,-1,
ID283,16,-1,
ID311,16,-1,
ID347,16,-1,
ID374,16,-1,
ID379,16,-1,
ID384,16,-1,
ID389,16,-1,
ID399,16,-1,
ID436,16,-1,
ID462,16,-1,
ID472,16,-1,
ID498,16,-1,
ID531,16,-1,
ID545,16,-1,
ID551,16,-1,
ID555,16,-1,
ID565,16,-1,
ID600,16,-1,
ID604,16,-1,
ID607,16,-1,
ID608,16,-1,
ID620,16,-1,
ID106,16,1,1.0
ID199,16,1,2.0
ID220,16,2,1.0
ID218,16,2,2.0
ID215,16,2,3.0
ID115,16,2,4.0
ID358,16,3,1.0
ID341,16,3,2.0
ID474,16,4,1.0
ID558,16,4,2.0
ID530,16,5,1.0
ID571,16,5,2.0
ID568,16,6,1.0
ID544,16,6,2.0
ID38,17,-1,
ID55,17,-1,
ID60,17,-1,
ID67,17,-1,
ID74,17,-1,
ID84,17,-1,
ID170,17,-1,
ID175,17,-1,
ID184,17,-1,
ID198,17,-1,
ID227,17,-1,
ID228,17,-1,
ID277,17,-1,
ID279,17,-1,
ID303,17,-1,
ID331,17,-1,
ID382,17,-1,
ID396,17,-1,
ID407,17,-1,
ID425,17,-1,
ID431,17,-1,
ID468,17,-1,
ID487,17,-1,
ID509,17,-1,
ID539,17,-1,
ID541,17,-1,
ID553,17,-1,
ID590,17,-1,
ID595,17,-1,
ID598,17,-1,
ID629,17,-1,
ID370,17,1,1.0
ID281,17,1,2.0
ID420,17,2,1.0
ID419,17,2,2.0
ID594,17,3,1.0
ID593,17,3,2.0
ID49,18,-1,
ID65,18,-1,
ID109,18,-1,
ID166,18,-1,
ID174,18,-1,
ID194,18,-1,
ID214,18,-1,
ID225,18,-1,
ID236,18,-1,
ID271,18,-1,
ID290,18,-1,
ID325,18,-1,
ID330,18,-1,
ID333,18,-1,
ID351,18,-1,
ID353,18,-1,
ID373,18,-1,
ID385,18,-1,
ID398,18,-1,
ID445,18,-1,
ID484,18,-1,
ID493,18,-1,
ID507,18,-1,
ID535,18,-1,
ID537,18,-1,
ID554,18,-1,
ID591,18,-1,
ID597,18,-1,
ID624,18,-1,
ID627,18,-1,
ID204,18,1,1.0
ID97,18,1,2.0
ID192,18,2,1.0
ID99,18,2,2.0
ID193,18,2,3.0
ID397,18,3,1.0
ID270,18,3,2.0
ID404,18,4,1.0
ID328,18,4,2.0
ID417,18,5,1.0
ID418,18,5,2.0
ID11,19,-1,
ID72,19,-1,
ID131,19,-1,
ID134,19,-1,
ID142,19,-1,
ID161,19,-1,
ID178,19,-1,
ID190,19,-1,
ID207,19,-1,
ID221,19,-1,
ID231,19,-1,
ID244,19,-1,
ID253,19,-1,
ID267,19,-1,
ID296,19,-1,
ID300,19,-1,
ID321,19,-1,
ID360,19,-1,
ID377,19,-1,
ID411,19,-1,
ID442,19,-1,
ID477,19,-1,
ID489,19,-1,
ID508,19,-1,
ID523,19,-1,
ID528,19,-1,
ID609,19,-1,
ID234,19,1,1.0
ID150,19,1,2.0
ID232,19,1,3.0
ID219,19,2,1.0
ID216,19,2,2.0
ID570,19,3,1.0
ID532,19,3,2.0
ID622,19,4,1.0
ID621,19,4,2.0
ID2,20,-1,
ID52,20,-1,
ID83,20,-1,
ID85,20,-1,
ID113,20,-1,
ID139,20,-1,
ID183,20,-1,
ID211,20,-1,
ID250,20,-1,
ID261,20,-1,
ID312,20,-1,
ID318,20,-1,
ID336,20,-1,
ID369,20,-1,
ID412,20,-1,
ID423,20,-1,
ID444,20,-1,
ID449,20,-1,
ID455,20,-1,
ID499,20,-1,
ID506,20,-1,
ID513,20,-1,
ID527,20,-1,
ID561,20,-1,
ID562,20,-1,
ID563,20,-1,
ID589,20,-1,
ID610,20,-1,
ID612,20,-1,
ID628,20,-1,
ID633,20,-1,
ID167,20,1,1.0
ID247,20,1,2.0
ID320,20,2,1.0
ID357,20,2,2.0
ID337,20,3,1.0
ID349,20,3,2.0
ID8,21,-1,
ID16,21,-1,
ID22,21,-1,
ID30,21,-1,
ID71,21,-1,
ID177,21,-1,
ID185,21,-1,
ID217,21,-1,
ID229,21,-1,
ID239,21,-1,
ID240,21,-1,
ID242,21,-1,
ID259,21,-1,
ID278,21,-1,
ID448,21,-1,
ID463,21,-1,
ID470,21,-1,
ID481,21,-1,
ID504,21,-1,
ID514,21,-1,
ID518,21,-1,
ID529,21,-1,
ID536,21,-1,
ID560,21,-1,
ID577,21,-1,
ID592,21,-1,
ID619,21,-1,
ID631,21,-1,
ID632,21,-1,
ID309,21,1,1.0
ID305,21,1,2.0
ID314,21,2,1.0
ID313,21,2,2.0
ID21,22,-1,
ID34,22,-1,
ID50,22,-1,
ID53,22,-1,
ID107,22,-1,
ID118,22,-1,
ID128,22,-1,
ID146,22,-1,
ID152,22,-1,
ID165,22,-1,
ID172,22,-1,
ID202,22,-1,
ID212,22,-1,
ID269,22,-1,
ID286,22,-1,
ID304,22,-1,
ID338,22,-1,
ID348,22,-1,
ID363,22,-1,
ID367,22,-1,
ID378,22,-1,
ID405,22,-1,
ID422,22,-1,
ID440,22,-1,
ID453,22,-1,
ID456,22,-1,
ID473,22,-1,
ID475,22,-1,
ID492,22,-1,
ID515,22,-1,
ID543,22,-1,
ID556,22,-1,
ID575,22,-1,
ID578,22,-1,
ID587,22,-1,
ID617,22,-1,
ID195,22,1,1.0
ID132,22,1,2.0
ID12,23,-1,
ID64,23,-1,
ID95,23,-1,
ID98,23,-1,
ID108,23,-1,
ID110,23,-1,
ID153,23,-1,
ID158,23,-1,
ID160,23,-1,
ID168,23,-1,
ID197,23,-1,
ID222,23,-1,
ID235,23,-1,
ID275,23,-1,
ID289,23,-1,
ID297,23,-1,
ID301,23,-1,
ID335,23,-1,
ID381,23,-1,
ID390,23,-1,
ID427,23,-1,
ID471,23,-1,
ID490,23,-1,
ID521,23,-1,
ID540,23,-1,
ID465,23,1,1.0
ID245,23,1,2.0
ID400,23,2,1.0
ID326,23,2,2.0
ID524,23,3,1.0
ID572,23,3,2.0
ID15,24,-1,
ID19,24,-1,
ID24,24,-1,
ID51,24,-1,
ID54,24,-1,
ID92,24,-1,
ID93,24,-1,
ID119,24,-1,
ID148,24,-1,
ID151,24,-1,
ID154,24,-1,
ID187,24,-1,
ID213,24,-1,
ID262,24,-1,
ID291,24,-1,
ID306,24,-1,
ID332,24,-1,
ID345,24,-1,
ID355,24,-1,
ID413,24,-1,
ID416,24,-1,
ID438,24,-1,
ID446,24,-1,
ID450,24,-1,
ID460,24,-1,
ID466,24,-1,
ID495,24,-1,
ID510,24,-1,
ID549,24,-1,
ID599,24,-1,
ID623,24,1,1.0
ID56,24,1,2.0
ID196,24,2,1.0
ID104,24,2,2.0
ID201,24,2,3.0
ID375,24,3,1.0
ID294,24,3,2.0
ID497,24,4,1.0
ID433,24,4,2.0
ID37,25,-1,
ID58,25,-1,
ID59,25,-1,
ID76,25,-1,
ID86,25,-1,
ID101,25,-1,
ID116,25,-1,
ID121,25,-1,
ID136,25,-1,
ID206,25,-1,
ID226,25,-1,
ID272,25,-1,
ID293,25,-1,
ID310,25,-1,
ID329,25,-1,
ID334,25,-1,
ID342,25,-1,
ID368,25,-1,
ID401,25,-1,
ID402,25,-1,
ID406,25,-1,
ID428,25,-1,
ID443,25,-1,
ID452,25,-1,
ID461,25,-1,
ID500,25,-1,
ID517,25,-1,
ID548,25,-1,
ID564,25,-1,
ID576,25,-1,
ID585,25,-1,
ID603,25,-1,
ID606,25,-1,
ID630,25,-1,
ID102,25,1,1.0
ID157,25,1,2.0
ID144,25,2,1.0
ID163,25,2,2.0
ID362,25,3,1.0
ID274,25,3,2.0
ID10,26,-1,
ID33,26,-1,
ID100,26,-1,
ID111,26,-1,
ID130,26,-1,
ID159,26,-1,
ID169,26,-1,
ID179,26,-1,
ID180,26,-1,
ID188,26,-1,
ID191,26,-1,
ID238,26,-1,
ID246,26,-1,
ID280,26,-1,
ID380,26,-1,
ID391,26,-1,
ID447,26,-1,
ID457,26,-1,
ID482,26,-1,
ID505,26,-1,
ID516,26,-1,
ID522,26,-1,
ID547,26,-1,
ID550,26,-1,
ID579,26,-1,
ID584,26,-1,
ID467,26,1,1.0
ID614,26,1,2.0
ID615,26,1,3.0
ID39,27,-1,
ID40,27,-1,
ID61,27,-1,
ID62,27,-1,
ID63,27,-1,
ID81,27,-1,
ID87,27,-1,
ID103,27,-1,
ID133,27,-1,
ID135,27,-1,
ID145,27,-1,
ID164,27,-1,
ID171,27,-1,
ID176,27,-1,
ID256,27,-1,
ID260,27,-1,
ID266,27,-1,
ID315,27,-1,
ID319,27,-1,
ID361,27,-1,
ID383,27,-1,
ID435,27,-1,
ID437,27,-1,
ID439,27,-1,
ID494,27,-1,
ID496,27,-1,
ID520,27,-1,
ID525,27,-1,
ID526,27,-1,
ID533,27,-1,
ID580,27,-1,
ID582,27,-1,
ID75,27,1,1.0
ID210,27,1,2.0
ID105,27,2,1.0
ID200,27,2,2.0
ID141,27,3,1.0
ID140,27,3,2.0
ID29,28,-1,
ID42,28,-1,
ID43,28,-1,
ID73,28,-1,
ID88,28,-1,
ID89,28,-1,
ID90,28,-1,
ID91,28,-1,
ID123,28,-1,
ID126,28,-1,
ID129,28,-1,
ID189,28,-1,
ID230,28,-1,
ID251,28,-1,
ID268,28,-1,
ID292,28,-1,
ID327,28,-1,
ID350,28,-1,
ID434,28,-1,
ID451,28,-1,
ID476,28,-1,
ID480,28,-1,
ID486,28,-1,
ID501,28,-1,
ID502,28,-1,
ID542,28,-1,
ID569,28,-1,
ID605,28,-1,
ID625,28,-1,
ID626,28,-1,
ID426,28,1,1.0
ID287,28,1,2.0
ID534,28,2,1.0
ID346,28,2,2.0
ID469,28,3,1.0
ID613,28,3,2.0
ID3,29,-1,
ID7,29,-1,
ID35,29,-1,
ID57,29,-1,
ID70,29,-1,
ID82,29,-1,
ID114,29,-1,
ID127,29,-1,
ID143,29,-1,
ID162,29,-1,
ID203,29,-1,
ID241,29,-1,
ID298,29,-1,
ID324,29,-1,
ID356,29,-1,
ID359,29,-1,
ID366,29,-1,
ID410,29,-1,
ID430,29,-1,
ID432,29,-1,
ID441,29,-1,
ID464,29,-1,
ID485,29,-1,
ID488,29,-1,
ID511,29,-1,
ID566,29,-1,
ID583,29,-1,
ID602,29,-1,
ID78,29,1,1.0
ID80,29,1,2.0
ID149,29,2,1.0
ID233,29,2,2.0
ID224,29,3,1.0
ID223,29,3,2.0
ID258,29,4,1.0
ID257,29,4,2.0
ID344,29,5,1.0
ID393,29,5,2.0
ID26,30,-1,
ID46,30,-1,
ID47,30,-1,
ID77,30,-1,
ID79,30,-1,
ID96,30,-1,
ID117,30,-1,
ID124,30,-1,
ID138,30,-1,
ID155,30,-1,
ID181,30,-1,
ID186,30,-1,
ID249,30,-1,
ID265,30,-1,
ID273,30,-1,
ID343,30,-1,
ID371,30,-1,
ID395,30,-1,
ID403,30,-1,
ID454,30,-1,
ID479,30,-1,
ID491,30,-1,
ID512,30,-1,
ID546,30,-1,
ID559,30,-1,
ID574,30,-1,
ID586,30,-1,
ID596,30,-1,
ID601,30,-1,
ID616,30,-1,
ID618,30,-1,
ID307,30,1,1.0
ID308,30,1,2.0
ID538,30,2,1.0
ID459,30,2,2.0
